Old global variable,New global variable,Storage,Read by,Written/reset by,Note
AttendanceHistory,streamfolk.analytics.attendanceHistory,Persisted (true),Attendance Tracker; Bot Welcomer; Stream Deck Stats; Stream End Protocols; Stream Start Protocols,Attendance Tracker; Stream Start Protocols,
FirstDates,streamfolk.analytics.firstDates,Persisted (true),FIRST! Tracker,FIRST! Tracker; Reset FIRST!,"Native Dictionary<string, string>; winner/date entry names are unchanged."
FirstStats,streamfolk.analytics.firstStats,Persisted (true),FIRST! Stats; FIRST! Tracker,FIRST! Tracker; Reset FIRST!,"Native Dictionary<string, int>; entry names are unchanged."
HugStats,streamfolk.analytics.hugStats,Persisted (true),Hugs Leaderboard; Hugs Stats; Hugs Tracker,Hugs Tracker; Reset Hugs,
PatCounts,streamfolk.analytics.patCounts,Persisted (true),Pats Leaderboard; Pats Stats; Pats Tracker,Pats Tracker; Reset Pats,
PatGiven,streamfolk.analytics.patGiven,Persisted (true),Pats Leaderboard; Pats Stats; Pats Tracker,Pats Tracker; Reset Pats,
PatStats,streamfolk.analytics.patStats,Persisted (true),,Reset Pats,Reset-only legacy slot; actual Pats counters are patCounts and patGiven.
SeenUsers,streamfolk.analytics.seenUsers,Persisted (true),Attendance Tracker; BITE; BONK!; Bot Welcomer; Diaper Check; Hugs Leaderboard; Hugs Stats; Hugs Tracker; Pats Leaderboard; Pats Stats; Pats Tracker; Stream Deck Stats; Stream End Protocols; Stream Start Protocols,Attendance Tracker; Reset Attendance; Reset Variables [DEBUG]; Stream End Protocols; Stream Start Protocols,
StreamFolkText.LastSentUtc,streamfolk.analytics.text.lastSentUtc,Persisted (true),Send Streamer a Text!,Send Streamer a Text!,Text-message cooldown timestamp.
analytics.attendanceSummaryJson,streamfolk.analytics.attendanceSummaryJson,Persisted (true),,Stream End Protocols; Stream Start Protocols,
analytics.bits,streamfolk.analytics.bits,Persisted (true),Bits Tracking; Stream Deck Stats; Stream End Protocols,Bits Tracking; Reset Variables [DEBUG]; Stream Start Protocols,
analytics.chatMessagesByUser,streamfolk.analytics.chatMessagesByUser,Persisted (true),Chat Message Tracking; Stream Deck Stats; Stream End Protocols,Chat Message Tracking; Reset Variables [DEBUG]; Stream Start Protocols,
analytics.chatTotalMessages,streamfolk.analytics.chatTotalMessages,Persisted (true),Chat Message Tracking,Chat Message Tracking; Reset Variables [DEBUG]; Stream Start Protocols,
analytics.currentCategory,streamfolk.analytics.currentCategory,Persisted (true),Stream End Protocols,Track Stream Category,
analytics.currentStreamTitle,streamfolk.analytics.currentStreamTitle,Persisted (true),Stream End Protocols,Track Stream Category,
analytics.finalSummaryJson,streamfolk.analytics.finalSummaryJson,Persisted (true),Stream Deck Stats; Stream End Protocols,Stream End Protocols,
analytics.follows,streamfolk.analytics.follows,Persisted (true),Follow Tracking; Stream End Protocols,Follow Tracking; Reset Variables [DEBUG]; Stream Start Protocols,
analytics.lastStreamArchiveJson,streamfolk.analytics.lastStreamArchiveJson,Persisted (true),,Stream End Protocols,
analytics.latestMonthlyReport,streamfolk.analytics.latestMonthlyReport,Persisted (true),,Generate Monthly Report,
analytics.latestMonthlyReportEnd,streamfolk.analytics.latestMonthlyReportEnd,Persisted (true),,Generate Monthly Report,
analytics.latestMonthlyReportMonth,streamfolk.analytics.latestMonthlyReportMonth,Persisted (true),,Generate Monthly Report,
analytics.latestMonthlyReportPath,streamfolk.analytics.latestMonthlyReportPath,Persisted (true),,Generate Monthly Report,
analytics.latestMonthlyReportStart,streamfolk.analytics.latestMonthlyReportStart,Persisted (true),,Generate Monthly Report,
analytics.latestWeeklyReport,streamfolk.analytics.latestWeeklyReport,Persisted (true),,Generate Weekly Report,
analytics.latestWeeklyReportEnd,streamfolk.analytics.latestWeeklyReportEnd,Persisted (true),,Generate Weekly Report,
analytics.latestWeeklyReportPath,streamfolk.analytics.latestWeeklyReportPath,Persisted (true),,Generate Weekly Report,
analytics.latestWeeklyReportStart,streamfolk.analytics.latestWeeklyReportStart,Persisted (true),,Generate Weekly Report,
analytics.latestYearlyReport,streamfolk.analytics.latestYearlyReport,Persisted (true),,Generate Yearly Report,
analytics.latestYearlyReportEnd,streamfolk.analytics.latestYearlyReportEnd,Persisted (true),,Generate Yearly Report,
analytics.latestYearlyReportPath,streamfolk.analytics.latestYearlyReportPath,Persisted (true),,Generate Yearly Report,
analytics.latestYearlyReportStart,streamfolk.analytics.latestYearlyReportStart,Persisted (true),,Generate Yearly Report,
analytics.latestYearlyReportYear,streamfolk.analytics.latestYearlyReportYear,Persisted (true),,Generate Yearly Report,
analytics.monthlyHistory,streamfolk.analytics.monthlyHistory,Persisted (true),Generate Monthly Report; Generate Weekly Report; Generate Yearly Report; Stream End Protocols,,Older history format; migrated readers still use it under this new name when needed.
analytics.raids,streamfolk.analytics.raids,Persisted (true),Raid Tracking; Stream End Protocols,Raid Tracking; Reset Variables [DEBUG]; Stream Start Protocols,
analytics.sessionStartLocal,streamfolk.analytics.sessionStartLocal,Persisted (true),Stream Deck Stats; Stream End Protocols,Stream Start Protocols,
analytics.streamDeckStatsJson,streamfolk.analytics.streamDeckStatsJson,Persisted (true),,Stream Deck Stats,
analytics.streamDeckTestMode,streamfolk.analytics.streamDeckTestMode,Persisted (true),Stream Deck Stats,Stream Deck Stats,
analytics.streamDeckTestStartedLocal,streamfolk.analytics.streamDeckTestStartedLocal,Persisted (true),Stream Deck Stats,Stream Deck Stats,
analytics.streamHistory,streamfolk.analytics.streamHistory,Persisted (true),Generate Monthly Report; Generate Weekly Report; Generate Yearly Report; Stream End Protocols,Generate Monthly Report; Generate Weekly Report; Generate Yearly Report; Stream End Protocols,
analytics.subs,streamfolk.analytics.subs,Persisted (true),Stream End Protocols; Sub/Gift Sub/Gift Bomb Tracking,Reset Variables [DEBUG]; Stream Start Protocols; Sub/Gift Sub/Gift Bomb Tracking,
analytics.subsDetailed,streamfolk.analytics.subsDetailed,Persisted (true),Stream End Protocols; Sub/Gift Sub/Gift Bomb Tracking,Reset Variables [DEBUG]; Stream Start Protocols; Sub/Gift Sub/Gift Bomb Tracking,
analytics.totalBits,streamfolk.analytics.totalBits,Persisted (true),Bits Tracking; Stream Deck Stats,Bits Tracking; Reset Variables [DEBUG]; Stream Start Protocols,
analytics.totalFollows,streamfolk.analytics.totalFollows,Persisted (true),Follow Tracking,Follow Tracking; Reset Variables [DEBUG]; Stream Start Protocols,
analytics.totalSubs,streamfolk.analytics.totalSubs,Persisted (true),Sub/Gift Sub/Gift Bomb Tracking,Reset Variables [DEBUG]; Stream Start Protocols; Sub/Gift Sub/Gift Bomb Tracking,
